"","Title","Start","End","Freq","Freq.For","Freq.Rev","X5..Blast","X3..Blast","X5..Depth","X3..Depth","Repetition","Condition","ID","Contamination","Fragments","Freq.sector","Size","Size.sector","Size.density"
"1",43,297,348,4.87277918903,"3,95592150006","5,789636878",1015,1967,4904,32339,"298-CCAAACCCC-306 <> 348-CCAAACCCC-356","Control","NP09136",0,"Y","1-10%",51,"5-140","5-40"
"2",60,9347,13855,1.62348915761,"1,38559896339","1,86137935183",383,408,21875,20930,"9348-CTAACCAACA-9357 <> 13855-CTAACCAACA-13864","PD","PD1055",0,"Y","1-10%",4508,">1400","4400-5400"
"3",25,10304,13975,1.39228692518,"0,925699568212","1,85887428215",550,416,44014,21326,"10305-AACCTGCC-10312 <> 13975-AACCTGCC-13982","PD","PD1053",0,"Y","1-10%",3671,">1400","3400-4400"
"4",21,6190,8346,0.270156145732,"0,312669503901","0,227642787563",109,77,26630,28733,"6191-CA-6192 <> 8346-CA-8347","PD","PD1046",0,"Y","0.1-1%",2156,">1400","1400-2400"
"5",21,8804,13295,0.3361321624,"0,431099630428","0,241164694373",1027,226,162161,84643,"8805-ACCAACCAC-8813 <> 13295-ACCAACCAC-13303","PD","PD1046",0,"Y","0.1-1%",4491,">1400","4400-5400"
"6",21,8859,14243,0.448698493896,"0,381529992075","0,515866995718",611,477,135170,83480,"8858-C-8858 <> 14243-C-14243","PD","PD1046",0,"Y","0.1-1%",5384,">1400","4400-5400"
"7",21,8993,13710,1.2443805233,"0,995822523318","1,49293852329",1425,1579,129164,62962,"none","PD","PD1046",0,"Y","1-10%",4717,">1400","4400-5400"
"8",21,9487,13723,0.935409123629,"0,528839884723","1,34197836254",452,937,73876,64473,"9486-T-9486 <> 13723-T-13723","PD","PD1046",0,"Y","0.1-1%",4236,">1400","3400-4400"
"9",21,9506,14243,0.396500593861,"0,345734931656","0,447266256066",349,414,68120,83480,"none","PD","PD1046",0,"Y","0.1-1%",4737,">1400","4400-5400"
"10",21,10183,13070,0.312133599777,"0,208042570319","0,416224629234",199,261,71184,55528,"10184-CCCTA-10188 <> 13070-CCCTA-13074","PD","PD1046",0,"Y","0.1-1%",2887,">1400","2400-3400"
"11",22,8793,14792,1.76055969445,"3,50600561598","0,0151137729176",4604,22,118645,94488,"8794-CACTCATT-8801 <> 14792-CACTCATT-14799","PD","PD1046",0,"Y","1-10%",5999,">1400","5400-6400"
"12",22,9436,13956,14.2991579883,"14,5660236141","14,0322923626",5464,3213,35695,21849,"9437-AGGCCTTC-9444 <> 13956-AGGCCTTC-13963","PD","PD1046",0,"Y",">10%",4520,">1400","4400-5400"
"13",46,8915,14370,31.8374094547,"24,6982101832","38,9766087262",24149,16592,89436,41755,"8916-A-8916 <> 14370-A-14370","PD","PD1048",0,"Y",">10%",5455,">1400","5400-6400"
"14",46,10996,13836,3.51822713628,"0,101619732509","6,93483454004",21,1356,14879,18490,"10997-AGCC-11000 <> 13836-AGCC-13839","PD","PD1048",0,"Y","1-10%",2840,">1400","2400-3400"
"15",47,460,2489,6.93684761107,"12,8612443724","1,0124508497",1600,713,5774,65547,"461-CCC-463 <> 2489-CCC-2491","PD","NP14087",0,"Y","1-10%",2029,">1400","1400-2400"
"16",44,9504,14772,0.589603374206,"1,17351069008","0,00569605832764",417,20,29503,95760,"9505-CC-9506 <> 14772-CC-14773","PD","NP14087",0,"Y","0.1-1%",5268,">1400","4400-5400"
"17",45,239,195,0.409566085475,"0,479286280213","0,339845890736",180,178,34725,49086,"none","Control","PDC126",0,"Y","0.1-1%",44,"5-140","5-40"
"18",29,9430,14073,3.78308234575,"3,78081032374","3,78535436775",1562,1362,38735,34554,"9431-CCAAAAAGGC-9440 <> 14073-CCAAAAAGGC-14082","PD","PD1055",0,"Y","1-10%",4643,">1400","4400-5400"
"19",40,9026,14288,15.3227249419,"12,1151820303","18,5302678534",10358,8170,81528,42515,"9027-CC-9028 <> 14288-CC-14289","PD","PD1048",0,"Y",">10%",5262,">1400","4400-5400"
"20",9,9777,14243,1.43324517353,"0,916695689947","1,9497946571",653,790,59667,37630,"9778-GC-9779 <> 14243-GC-14244","Control","NP13109",0,"Y","1-10%",4466,">1400","4400-5400"
"21",39,9167,12981,6.5331792146,"5,341586975","7,72477145421",2816,3137,50222,39546,"9168-C-9168 <> 12981-C-12981","Control","PDC126",0,"Y","1-10%",3814,">1400","3400-4400"
"22",65,10748,14124,2.62604793078,"1,80654040907","3,4455554525",841,985,39696,27452,"none","Control","NP13161",0,"Y","1-10%",3376,">1400","2400-3400"
"23",11,9487,13723,0.611309157676,"0,384661735545","0,837956579808",159,288,37093,31647,"9486-T-9486 <> 13723-T-13723","Control","PDC126",0,"Y","0.1-1%",4236,">1400","3400-4400"
"24",13,8896,13948,15.5998246479,"9,93787638099","21,2617729148",9356,6194,88149,28251,"8897-CCCTA-8901 <> 13948-CCCTA-13952","PD","NP14087",0,"Y",">10%",5052,">1400","4400-5400"
"25",14,9077,14525,14.4545028022,"14,443594087","14,4654115175",8471,9951,54590,64433,"9078-TAACCT-9083 <> 14525-TAACCT-14530","PD","PD1048",0,"Y",">10%",5448,">1400","5400-6400"
"26",14,9293,12300,0.426494577085,"0,482181160844","0,370807993326",219,182,37271,40487,"9294-GGCC-9297 <> 12300-GGCC-12303","PD","PD1048",0,"Y","0.1-1%",3007,">1400","2400-3400"
"27",14,9313,13122,0.592483798803,"0,571728087142","0,613239510464",303,173,37326,26371,"9314-CTTCCAC-9320 <> 13122-CTTCCAC-13128","PD","PD1048",0,"Y","0.1-1%",3809,">1400","3400-4400"
"28",14,9503,11861,0.488324438341,"0,416818039189","0,559830837493",175,289,29307,43272,"9504-GCCTT-9508 <> 11861-GCCTT-11865","PD","PD1048",0,"Y","0.1-1%",2358,">1400","1400-2400"
"29",16,430,566,0.235764676998,"0,266678021907","0,20485133209",62,47,8105,18277,"431-CACCCCCCA-439 <> 566-CACCCCCCA-574","PD","PD1048",0,"Y","0.1-1%",136,"5-140","5-40"
"30",16,3566,5023,0.629240113447,"0,782736392947","0,475743833946",219,230,13251,42887,"3567-CCC-3569 <> 5023-CCC-5025","PD","PD1048",0,"Y","0.1-1%",1457,">1400","1400-2400"
"31",16,9504,14156,6.79425607706,"5,84712021632","7,74139193781",2673,3176,41096,39015,"9505-CC-9506 <> 14156-CC-14157","PD","PD1048",0,"Y","1-10%",4652,">1400","4400-5400"
"32",16,10278,13763,0.49344508471,"0,0415379384963","0,945352230923",26,308,35366,30658,"10279-CCC-10281 <> 13763-CCC-13765","PD","PD1048",0,"Y","0.1-1%",3485,">1400","3400-4400"
"33",16,12430,14417,0.153369105891,"0,0134137497251","0,293324462057",25,165,43178,48811,"12431-ACCCC-12435 <> 14417-ACCCC-14421","PD","PD1048",0,"Y","0.1-1%",1987,">1400","1400-2400"
"34",19,9639,11325,4.31402603712,"2,51083351106","6,11721856318",2274,2643,49710,41040,"9640-CCTGAGC-9646 <> 11325-CCTGAGC-11331","PD","PD1041",0,"Y","1-10%",1686,">1400","1400-2400"
"35",31,8930,14417,6.56372850017,"4,75628632008","8,37117068027",5018,3385,92533,38868,"8931-ACCCCT-8936 <> 14417-ACCCCT-14422","PD","PD1055",0.052,"Y","1-10%",5487,">1400","5400-6400"
"36",30,9643,14242,3.66290167597,"2,35408324112","4,97172011083",1153,1554,29273,29409,"9644-AGC-9646 <> 14242-AGC-14244","PD","PD1055",0,"Y","1-10%",4599,">1400","4400-5400"
"37",36,8668,8648,0.160383917633,"0,0959308420855","0,22483699318",45,70,37103,26686,"8669-GACTAATCA-8677 <> 8648-GACTAATCA-8656","Control","NP13109",0,"Y","0.1-1%",20,"5-140","5-40"
"38",33,15331,15379,1.77243341969,"1,53054148847","2,01432535091",805,815,38048,38483,"15332-CACCTCC-15338 <> 15379-CACCTCC-15385","PD","PD1063",0,"Y","1-10%",48,"5-140","5-40"
"39",32,8714,13052,0.425507796884,"0,0037276611434","0,847287932625",9,325,69162,36385,"none","PD","PD1041",0.036,"Y","0.1-1%",4338,">1400","3400-4400"
"40",57,9859,14112,5.8524805589,"4,72882274016","6,97613837763",4359,3857,78549,53115,"9860-CTTC-9863 <> 14112-CTTC-14115","Control","NP13107",0,"Y","1-10%",4253,">1400","3400-4400"
"41",57,11621,14440,4.79131031094,"4,89095309948","4,6916675224",2854,2919,54003,60072,"11622-A-11622 <> 14440-A-14440","Control","NP13107",0,"Y","1-10%",2819,">1400","2400-3400"
"42",50,5822,8268,3.33216418353,"3,10677006099","3,55755830607",861,1111,24685,29350,"5823-AGC-5825 <> 8268-AGC-8270","PD","PD1046",0,"Y","1-10%",2446,">1400","2400-3400"
